University,Type ,Index_faculty_number component,Index_salary component,Final_index,Year,Rank,Rank for gender,Rank for salary
Loyola Marymount University,private,0.653615135,0.987611073,78.72135105,2015,32,39,1
The College of Wooster,private,0.704501639,0.987186161,81.75754477,2015,21,22,2
Massachusetts Institute of Technology,private,0.278654591,0.985618154,56.14400161,2015,94,96,3
Pitzer College,private,0.638388083,0.985300657,77.71531123,2015,39,47,4
Tufts University,private,0.626324893,0.984429621,76.9566784,2015,43,50,5
College of the Holy Cross,private,0.714216681,0.983133489,82.1783404,2015,20,20,6
Haverford College,private,0.791044776,0.981428621,86.7198314,2015,8,10,7
Franklin and Marshall College,private,0.619627177,0.980096706,76.38149885,2015,46,52,8
Mount Holyoke College,private,0.654612933,0.979433849,78.45412991,2015,34,37,9
Barnard College,private,0.729747753,0.979239495,82.95444501,2015,17,18,10
Bowdoin College,private,0.864167996,0.978929811,91.00727217,2015,1,1,11
Carleton College,private,0.818401937,0.974901896,88.10019204,2015,4,6,12
St Olaf College,private,0.72534757,0.973836338,82.47430769,2015,18,19,13
Bryn Mawr College,private,0.801338103,0.973503248,87.0204161,2015,7,7,14
Brandeis University,private,0.648083594,0.972597532,77.78891692,2015,38,41,15
Hamilton College,private,0.736725857,0.971629804,83.06874359,2015,16,17,16
Rensselaer Polytechnic Institute,private,0.331343427,0.969005812,58.64083808,2015,92,94,17
Skidmore College,private,0.700870456,0.966239839,80.70182091,2015,23,26,18
Colgate University,private,0.69492724,0.966141675,80.34130141,2015,24,28,19
Scripps College,private,0.792639164,0.965918367,86.19508454,2015,9,8,20
Smith College,private,0.82731483,0.96572551,88.26791018,2015,3,3,21
Lawrence University,private,0.571235586,0.96524833,72.88406839,2015,57,65,22
Stanford University,private,0.367467467,0.965207628,60.65635315,2015,86,90,23
Worcester Polytechnic Institute,private,0.344601381,0.965077079,59.27916603,2015,89,93,24
Denison University,private,0.705115655,0.964365425,80.88155628,2015,22,21,25
Macalester College,private,0.763885251,0.964325392,84.40613077,2015,12,12,26
Wellesley College,private,0.829323458,0.963838549,88.31294942,2015,2,2,27
Northeastern University,private,0.520369466,0.963788381,69.77370317,2015,69,73,28
Wesleyan University,private,0.588370721,0.961655882,73.76847852,2015,55,57,29
Grinnell College,private,0.825173285,0.959281436,87.88165451,2015,5,4,30
Pomona College,private,0.751431431,0.958142088,83.41156942,2015,15,15,31
Rose-Hulman Institute of Technology,private,0.247718273,0.9567989,53.13505238,2015,97,99,32
George Washington University,private,0.675937742,0.956490597,78.81588843,2015,31,34,33
Occidental College,private,0.761992177,0.956474829,83.97852381,2015,13,13,34
Colorado College,private,0.65390729,0.955608022,77.45875827,2015,40,38,35
Lafayette College,private,0.58306979,0.954976872,73.18326231,2015,56,59,36
Bates College,private,0.645834837,0.954603118,76.93421493,2015,44,43,37
Colby College,private,0.773573802,0.953174609,84.54141246,2015,11,11,38
Middlebury College,private,0.676172514,0.953005472,78.69056973,2015,33,33,39
Whitman College,private,0.648053231,0.952715073,76.99179675,2015,42,42,40
Reed College,private,0.652040567,0.952118654,77.20718019,2015,41,40,41
Gettysburg College,private,0.760532518,0.952041096,83.7135949,2015,14,14,42
Kenyon College,private,0.702985108,0.952010967,80.25954518,2015,25,24,43
Rhode Island School of Design,private,0.698379447,0.951154332,79.9489401,2015,27,27,44
Rice University,private,0.353418661,0.951111849,59.24959362,2015,90,92,45
Davidson College,private,0.69197861,0.949494351,79.4984906,2015,29,29,46
Yale University,private,0.539649691,0.948984645,70.33836724,2015,65,69,47
Amherst College,private,0.822040614,0.948757249,87.27272681,2015,6,5,48
University of Miami,private,0.426659887,0.948667789,63.54630477,2015,80,84,49
Bentley University,private,0.674439524,0.947879998,78.38157137,2015,35,35,50
Illinois Wesleyan University,private,0.686624014,0.946911267,79.07389154,2015,30,30,51
Bucknell University,private,0.701868955,0.946217007,79.96081757,2015,26,25,52
Williams College,private,0.628387705,0.945066864,75.50593684,2015,47,48,53
Oberlin College,private,0.62242232,0.943927462,75.10243767,2015,51,51,54
Cornell University,private,0.442511863,0.943678782,64.29786309,2015,77,82,55
Vassar College,private,0.791742986,0.942126859,85.18965347,2015,10,9,56
Washington University in St Louis,private,0.387557318,0.939266829,60.82411222,2015,85,87,57
Wake Forest University,private,0.538781016,0.937785442,69.83827866,2015,68,70,58
Lehigh University,private,0.427751472,0.937036198,63.14653627,2015,82,83,59
Boston College,private,0.681169883,0.936896695,78.34606075,2015,36,31,60
Trinity University,private,0.703382238,0.936499452,79.66291237,2015,28,23,61
Johns Hopkins University,private,0.577585393,0.936403623,72.11126852,2015,60,60,62
Swarthmore College,private,0.750190496,0.93500225,82.41151979,2015,19,16,63
Claremont McKenna College,private,0.473445886,0.934687026,65.79423416,2015,75,77,64
Santa Clara University,private,0.618941584,0.934210341,74.50490867,2015,53,53,65
Vanderbilt University,private,0.627257129,0.93395211,74.99351212,2015,52,49,66
Villanova University,private,0.676668146,0.932144501,77.88586878,2015,37,32,67
Boston University,private,0.586317364,0.932122252,72.46393192,2015,58,58,68
Brown University,private,0.444191974,0.931519527,63.91229953,2015,78,81,69
Harvey Mudd College,private,0.546885319,0.930224179,70.0220863,2015,67,68,70
Tulane University of Louisiana,private,0.572298689,0.928416355,71.47457551,2015,62,64,71
Georgetown University,private,0.614371354,0.926666798,73.92895317,2015,54,54,72
Harvard University,private,0.377231777,0.925037321,59.63539942,2015,88,88,73
Washington and Lee University,private,0.638691622,0.922505253,75.22170745,2015,48,46,74
Yeshiva University,private,0.661762895,0.922371935,76.6006511,2015,45,36,75
Wheaton College,private,0.561875546,0.922144943,70.59833047,2015,64,66,76
Princeton University,private,0.365349105,0.921334411,58.77432272,2015,91,91,77
University of Richmond,private,0.642732366,0.915610706,75.18837019,2015,49,45,78
California Institute of Technology,private,0.228741792,0.913801804,50.27657963,2015,100,100,79
University of Rochester,private,0.482729886,0.913321022,65.49663404,2015,76,75,80
Case Western Reserve University,private,0.573961586,0.912452747,70.93580502,2015,63,63,81
Columbia University in The City Of New York,private,0.643741681,0.912105501,75.10872089,2015,50,44,82
University of Dayton,private,0.55133413,0.91073023,69.50925701,2015,70,67,83
University of Notre Dame,private,0.367818571,0.902768018,58.179835,2015,93,89,84
Babson College,private,0.529798797,0.902595512,67.89174828,2015,72,71,85
University of Tulsa,private,0.445392964,0.89970798,62.71189705,2015,84,80,86
Southern Methodist University,private,0.448323951,0.899648498,62.88537698,2015,83,79,87
New York University,private,0.594825098,0.898757982,71.63982516,2015,61,56,88
Stevens Institute of Technology,private,0.276765699,0.896881451,52.48119995,2015,98,97,89
University of Southern California,private,0.458957776,0.894602111,63.32155098,2015,81,78,90
University of Pennsylvania,private,0.400825954,0.894586685,59.83302461,2015,87,85,91
Pepperdine University,private,0.607924619,0.894556119,72.25772185,2015,59,55,92
Brigham Young University-Provo,private,0.249122626,0.89312014,50.67216314,2015,99,98,93
Duke University,private,0.576744684,0.892001873,70.28475592,2015,66,61,94
Northwestern University,private,0.514429909,0.882871223,66.18064342,2015,74,74,95
Dartmouth College,private,0.528646381,0.882083475,67.00212185,2015,73,72,96
University of Chicago,private,0.475924194,0.880467041,63.77413326,2015,79,76,97
Carnegie Mellon University,private,0.32113492,0.880351119,54.48213996,2015,96,95,98
Emory University,private,0.574171403,0.875357058,69.46456649,2015,71,62,99
Cooper Union for the Advancement of Science and Art,private,0.387844835,0.789747745,54.86059989,2015,95,86,100
University of Wisconsin Colleges,public,0.733104129,0.994307779,83.75855888,2015,4,6,1
California State University-Long Beach,public,0.72670556,0.978580756,82.74556379,2015,6,7,2
University of Oregon,public,0.626546987,0.970224513,76.40179971,2015,18,29,3
CUNY Bernard M Baruch College,public,0.639730102,0.969860445,77.17822391,2015,13,23,4
The College of New Jersey,public,0.86541079,0.967385778,90.6200785,2015,1,1,5
University of Alabama at Birmingham,public,0.636843577,0.966932542,76.88791629,2015,15,24,6
University of California-Irvine,public,0.536903704,0.965743852,70.84397632,2015,50,59,7
Miami University-Middletown,public,0.687792208,0.959883422,79.66286935,2015,8,10,8
Michigan State University,public,0.600351835,0.953294337,74.15288358,2015,31,41,9
University of Wisconsin-La Crosse,public,0.793140786,0.952894165,85.70421376,2015,2,2,10
Colorado School of Mines,public,0.234301434,0.952463593,52.15662977,2015,96,96,11
North Carolina State University at Raleigh,public,0.42182104,0.951150876,63.35529745,2015,85,88,12
Stony Brook University,public,0.618190421,0.949969885,75.09022066,2015,27,34,13
University of Massachusetts-Amherst,public,0.652537787,0.948911234,77.1087166,2015,14,17,14
University of Kentucky,public,0.495546523,0.948783379,67.6841265,2015,65,71,15
University of Arkansas,public,0.466479527,0.948714865,65.9373662,2015,76,83,16
College of William and Mary,public,0.629800818,0.947624059,75.69301141,2015,24,26,17
University of California-Riverside,public,0.492215828,0.947544029,67.43471084,2015,66,73,18
University of Delaware,public,0.643231219,0.947440581,76.4914964,2015,17,19,19
Appalachian State University,public,0.790116829,0.946743682,85.27675705,2015,3,3,20
Rutgers University-Newark,public,0.473193974,0.946723296,66.26057025,2015,72,80,21
University of Vermont,public,0.622509767,0.945149961,75.15658445,2015,26,32,22
Pennsylvania State University-Penn State Harrisburg,public,0.602419696,0.944185151,73.91258776,2015,33,40,23
University of California-Davis,public,0.522987672,0.944003629,69.1394055,2015,56,62,24
North Dakota State University-Main Campus,public,0.605022133,0.94353379,74.04267961,2015,32,39,25
University of Georgia,public,0.586320108,0.942178059,72.86632883,2015,40,44,26
Temple University,public,0.642715652,0.942137605,76.24844333,2015,20,21,27
Ohio University-Main Campus,public,0.581833395,0.942020974,72.59084268,2015,42,46,28
California Polytechnic State University-San Luis Obispo,public,0.468185011,0.940803708,65.72324895,2015,78,82,29
Texas A & M International University,public,0.666317805,0.939974545,77.57805011,2015,11,16,30
Kansas State University,public,0.590473129,0.939745453,73.01820585,2015,38,43,31
James Madison University,public,0.749925323,0.939586065,82.57896199,2015,7,5,32
University of Illinois at Chicago,public,0.758753288,0.93924761,83.0951017,2015,5,4,33
Florida International University,public,0.668902314,0.937107169,77.6184256,2015,10,15,34
Rutgers University-New Brunswick,public,0.688812526,0.936370846,78.78358539,2015,9,8,35
Truman State University,public,0.581900682,0.936335124,72.36744587,2015,43,45,36
University of Mississippi,public,0.612669334,0.935775028,74.19116114,2015,30,35,37
SUNY at Binghamton,public,0.566931424,0.935142597,71.42158935,2015,47,52,38
Michigan Technological University,public,0.334862019,0.934556697,57.47398905,2015,91,91,39
University of Nebraska-Lincoln,public,0.425259451,0.934521025,62.89640808,2015,87,87,40
New Mexico Institute of Mining and Technology,public,0.21031053,0.9331828,49.94594381,2015,98,98,41
SUNY College of Environmental Science and Forestry,public,0.337417904,0.931296286,57.49692565,2015,90,90,42
Oregon State University,public,0.543300175,0.93081677,69.8306813,2015,53,57,43
South Dakota School of Mines and Technology,public,0.269396714,0.928630951,53.30904089,2015,95,95,44
University of Wyoming,public,0.513902402,0.928300131,67.96614937,2015,64,65,45
University of Michigan-Ann Arbor,public,0.531484845,0.928193133,69.01681603,2015,59,61,46
University of Connecticut,public,0.60746633,0.928180658,73.5752061,2015,34,38,47
Georgia Institute of Technology-Main Campus,public,0.285330163,0.92679259,54.19151337,2015,94,94,48
University of Utah,public,0.491064276,0.926207878,66.51217169,2015,70,74,49
Colorado State University-Fort Collins,public,0.633784968,0.925786217,75.05854675,2015,28,25,50
University of New Hampshire-Main Campus,public,0.642809088,0.924736412,75.55800177,2015,25,20,51
University of Kansas,public,0.64912036,0.923265435,75.87783896,2015,23,18,52
University of Central Florida,public,0.522743722,0.921837387,68.23811882,2015,62,63,53
The University of Texas at Dallas,public,0.315217133,0.921265536,55.76364943,2015,92,93,54
Iowa State University,public,0.488451154,0.921249684,66.15705659,2015,73,75,55
University of Colorado Boulder,public,0.510574798,0.919251526,67.40454894,2015,67,66,56
Clemson University,public,0.44292112,0.917847851,63.28918125,2015,86,86,57
Louisiana Tech University,public,0.576852611,0.917222734,71.30006598,2015,48,48,58
West Virginia University,public,0.569775176,0.916769175,70.85727751,2015,49,50,59
University of Washington-Seattle Campus,public,0.611851854,0.910881075,73.14635423,2015,37,36,60
Louisiana State University and Agricultural & Mechanical College,public,0.45762151,0.910617577,63.88199367,2015,84,84,61
Virginia Military Institute,public,0.229313193,0.909285863,50.13022607,2015,97,97,62
Missouri University of Science and Technology,public,0.318170426,0.908528663,55.43137208,2015,93,92,63
University of California-Berkeley,public,0.483754686,0.908328212,65.35840964,2015,79,77,64
University of Minnesota-Twin Cities,public,0.59746261,0.908315442,72.1803743,2015,46,42,65
University of Florida,public,0.412499306,0.908201787,61.07802981,2015,89,89,66
University of Oklahoma-Norman Campus,public,0.553145347,0.906856944,69.46299858,2015,54,54,67
University of California-Santa Barbara,public,0.493670212,0.905479217,65.8393814,2015,77,72,68
Mississippi State University,public,0.470476466,0.905056217,64.43083663,2015,82,81,69
University of Alabama in Huntsville,public,0.502405067,0.904393063,66.32002652,2015,71,69,70
Florida State University,public,0.533784051,0.900438704,68.0445912,2015,63,60,71
University of California-Los Angeles,public,0.509452786,0.900229673,66.57635404,2015,69,67,72
Arizona State University-Tempe,public,0.551808757,0.899835067,69.10192812,2015,57,55,73
University of Virginia-Main Campus,public,0.537539803,0.899756833,68.24266147,2015,61,58,74
University of Illinois at Urbana-Champaign,public,0.502335434,0.899741303,66.12977814,2015,74,70,75
Indiana University-Purdue University-Indianapolis,public,0.66938209,0.899441906,76.14060166,2015,21,14,76
University of Arizona,public,0.571802138,0.89856415,70.25069428,2015,52,49,77
University of Cincinnati-Main Campus,public,0.687948638,0.897885706,77.19234655,2015,12,9,78
University at Buffalo,public,0.547005038,0.897754369,68.73047703,2015,60,56,79
University of North Carolina at Chapel Hill,public,0.640288627,0.897522156,74.31820382,2015,29,22,80
University of California-San Diego,public,0.44808361,0.895553774,62.70716753,2015,88,85,81
Auburn University,public,0.580796016,0.895264108,70.65832527,2015,51,47,82
University of Maryland-College Park,public,0.505057707,0.893937825,66.06097539,2015,75,68,83
University of Houston,public,0.481100256,0.893767589,64.61671893,2015,81,79,84
University of South Florida-Main Campus,public,0.68040187,0.893007689,76.54441974,2015,16,12,85
Oklahoma State University-Main Campus,public,0.482183383,0.892581796,64.6342748,2015,80,78,86
Ohio State University-Main Campus,public,0.627337181,0.891517279,73.30092206,2015,36,28,87
University of Missouri-Columbia,public,0.628068045,0.890807502,73.31638276,2015,35,27,88
Washington State University,public,0.517590296,0.890613505,66.67995792,2015,68,64,89
The University of Tennessee-Knoxville,public,0.611810786,0.890462084,72.3271305,2015,44,37,90
University of Pittsburgh-Pittsburgh Campus,public,0.62039079,0.889935862,72.82088188,2015,41,33,91
Indiana University-Bloomington,public,0.559279203,0.887027183,69.03783952,2015,58,53,92
University of Texas Southwestern Medical Center,public,0.624396189,0.886404339,72.91994489,2015,39,31,93
University of South Carolina-Columbia,public,0.681004323,0.885038406,76.26179564,2015,19,11,94
The University of Alabama,public,0.678994071,0.880358368,75.95397901,2015,22,13,95
University of Iowa,public,0.569322929,0.876918502,69.23611584,2015,55,51,96
Texas Tech University,public,0.486437603,0.874771634,64.17712155,2015,83,76,97
George Mason University,public,0.625708812,0.867090738,72.22615827,2015,45,30,98
United States Merchant Marine Academy,public,0.204433117,0.7169207,40.94281501,2015,99,99,99
Scripps College,private,0.773319616,0.992428598,86.09632088,2016,12,14,1
Tufts University,private,0.664195724,0.991788393,79.52327916,2016,34,40,2
Carleton College,private,0.838450781,0.987954182,89.82521413,2016,2,5,3
College of the Holy Cross,private,0.727422556,0.987374171,83.14032023,2016,20,24,4
The College of Wooster,private,0.681615594,0.98662207,80.36181843,2016,31,37,5
Barnard College,private,0.722666985,0.982149207,82.64598738,2016,21,26,6
St Olaf College,private,0.761675008,0.981985355,84.97991466,2016,16,19,7
Worcester Polytechnic Institute,private,0.346303335,0.981975415,60.05721672,2016,89,93,8
Grinnell College,private,0.807616104,0.981031962,87.69824475,2016,6,8,9
Pitzer College,private,0.648586707,0.978421352,78.05205653,2016,40,45,10
Bentley University,private,0.721921774,0.977166576,82.40196949,2016,24,27,11
Wesleyan University,private,0.577991579,0.973322365,73.61238935,2016,57,66,12
Lawrence University,private,0.590579564,0.973016752,74.35544393,2016,52,61,13
Skidmore College,private,0.770482704,0.972799446,85.14094009,2016,14,16,14
Macalester College,private,0.787439519,0.972247582,86.13627445,2016,11,12,15
Bowdoin College,private,0.851727857,0.97182729,89.97676301,2016,1,2,16
Franklin and Marshall College,private,0.81097484,0.971012348,87.49898435,2016,7,7,17
Hamilton College,private,0.727028481,0.969726643,82.41077457,2016,23,25,18
Middlebury College,private,0.682608154,0.969394034,79.73225059,2016,33,36,19
Rose-Hulman Institute of Technology,private,0.252333732,0.968705822,53.88825678,2016,97,99,20
Massachusetts Institute of Technology,private,0.285268923,0.967614578,55.8207185,2016,95,97,21
Bryn Mawr College,private,0.805685027,0.966675211,87.00811007,2016,9,9,22
George Washington University,private,0.716817465,0.966063539,81.65158946,2016,27,29,23
Wellesley College,private,0.849891776,0.965332104,89.60679069,2016,4,3,24
Reed College,private,0.629560501,0.963880153,76.32883621,2016,46,51,25
Haverford College,private,0.853974352,0.963720327,89.78727419,2016,3,1,26
Gettysburg College,private,0.76508696,0.960704795,84.33340937,2016,17,18,27
Northeastern University,private,0.526247586,0.960271155,69.98570137,2016,71,71,28
Bucknell University,private,0.735781036,0.960027518,82.54796288,2016,22,22,29
Denison University,private,0.729451567,0.959936338,82.16454753,2016,26,23,30
Kenyon College,private,0.719567295,0.959667131,81.56072291,2016,28,28,31
Rensselaer Polytechnic Institute,private,0.326661947,0.959055256,57.96192707,2016,94,94,32
Illinois Wesleyan University,private,0.589931424,0.9581754,73.72290143,2016,56,62,33
Mount Holyoke College,private,0.631974624,0.957496602,76.21834153,2016,47,50,34
Amherst College,private,0.816413434,0.955200224,87.19281502,2016,8,6,35
Colgate University,private,0.674766473,0.954903255,78.68211861,2016,39,38,36
Stanford University,private,0.376532278,0.954868258,60.78666702,2016,86,90,37
Bates College,private,0.708626621,0.953487468,80.65709596,2016,30,31,38
University of Miami,private,0.464072222,0.953040111,65.96593777,2016,77,80,39
Loyola Marymount University,private,0.69055473,0.952156173,79.51953073,2016,35,34,40
Cornell University,private,0.452184841,0.951958583,65.20943382,2016,79,81,41
Davidson College,private,0.682896163,0.951847387,79.04766527,2016,36,35,42
Lafayette College,private,0.561394519,0.951383808,71.73902349,2016,66,68,43
Whitman College,private,0.656009553,0.951090922,77.40421006,2016,41,43,44
Rhode Island School of Design,private,0.785961901,0.948501265,85.09776466,2016,15,13,45
Occidental College,private,0.793509195,0.947764156,85.52111789,2016,13,11,46
Smith College,private,0.804885591,0.947653616,86.19928007,2016,10,10,47
Claremont McKenna College,private,0.486989037,0.944762661,67.00984867,2016,73,77,48
Colorado College,private,0.644257703,0.944686289,76.44291375,2016,45,47,49
Yale University,private,0.55733517,0.944611332,71.22456352,2016,67,69,50
Pomona College,private,0.741059699,0.944597216,82.24747059,2016,25,20,51
Colby College,private,0.771897063,0.943060271,84.03623462,2016,18,15,52
Rice University,private,0.381576295,0.943010584,60.61500106,2016,87,89,53
Yeshiva University,private,0.629042336,0.941230793,75.39177185,2016,50,52,54
Trinity University,private,0.708800917,0.939938591,80.12559864,2016,32,30,55
Brown University,private,0.433927254,0.939876086,63.63067866,2016,81,83,56
Harvard University,private,0.36151834,0.939553278,59.27323156,2016,93,92,57
Swarthmore College,private,0.769665177,0.939347385,83.753806,2016,19,17,58
Columbia University in The City Of New York,private,0.652792779,0.936903753,76.64371684,2016,43,44,59
Boston University,private,0.622347806,0.936135486,74.7862878,2016,51,53,60
Wheaton College,private,0.547066554,0.936070069,70.26679598,2016,70,70,61
Harvey Mudd College,private,0.470220149,0.935310612,65.62563343,2016,78,79,62
Vanderbilt University,private,0.638505246,0.935230959,75.71955312,2016,48,48,63
Vassar College,private,0.841025999,0.934532341,87.84285359,2016,5,4,64
Johns Hopkins University,private,0.591479025,0.934299503,72.86072158,2016,61,60,65
Villanova University,private,0.665423927,0.933482318,77.26472832,2016,42,39,66
Brandeis University,private,0.610048486,0.932986678,73.92237626,2016,55,55,67
Williams College,private,0.739274336,0.929958963,81.55481871,2016,29,21,68
Cooper Union for the Advancement of Science and Art,private,0.410014514,0.929634267,61.78624152,2016,84,85,69
Babson College,private,0.60134647,0.927479998,73.17998811,2016,60,58,70
Wake Forest University,private,0.580906949,0.926971016,71.93325757,2016,63,65,71
Georgetown University,private,0.659461617,0.925886392,76.60315265,2016,44,42,72
Tulane University of Louisiana,private,0.606174376,0.925000097,73.37046645,2016,58,57,73
University of Rochester,private,0.497558101,0.924525,66.83448603,2016,74,75,74
Oberlin College,private,0.697184267,0.923393611,78.76680043,2016,38,33,75
Santa Clara University,private,0.620709608,0.921953022,74.12069736,2016,53,54,76
University of Notre Dame,private,0.374011694,0.920853172,59.27482847,2016,92,91,77
Boston College,private,0.701254836,0.920686083,78.90273349,2016,37,32,78
Case Western Reserve University,private,0.585323118,0.916632174,71.78467403,2016,64,64,79
Lehigh University,private,0.443029912,0.913920957,63.13863301,2016,83,82,80
Washington University in St Louis,private,0.38327302,0.910557574,59.41868417,2016,91,88,81
California Institute of Technology,private,0.243515979,0.910361131,51.02540396,2016,100,100,82
Princeton University,private,0.387287198,0.909460611,59.61565632,2016,90,87,83
Washington and Lee University,private,0.608440985,0.908556119,72.84870386,2016,62,56,84
University of Dayton,private,0.570172145,0.9083105,70.54274869,2016,69,67,85
University of Southern California,private,0.519653367,0.902068845,67.26195583,2016,72,73,86
University of Richmond,private,0.659850834,0.901492643,75.65075577,2016,49,41,87
Stevens Institute of Technology,private,0.312088967,0.898767265,54.67602859,2016,96,95,88
University of Pennsylvania,private,0.404992961,0.894484443,60.07895536,2016,88,86,89
Duke University,private,0.589045754,0.893968938,71.10150277,2016,68,63,90
New York University,private,0.600399458,0.893782292,71.77525916,2016,65,59,91
Brigham Young University-Provo,private,0.256911086,0.892365001,51.10926523,2016,99,98,92
University of Tulsa,private,0.425482965,0.891050617,61.17100258,2016,85,84,93
Southern Methodist University,private,0.489740929,0.890974275,65.02342676,2016,80,76,94
Emory University,private,0.645953467,0.88181774,74.02991759,2016,54,46,95
Dartmouth College,private,0.515221266,0.880397129,66.12916113,2016,76,74,96
Pepperdine University,private,0.636210648,0.876576729,73.23570807,2016,59,49,97
Northwestern University,private,0.526247586,0.875654429,66.60103233,2016,75,72,98
University of Chicago,private,0.476624395,0.871162095,63.4439475,2016,82,78,99
Carnegie Mellon University,private,0.309605393,0.848791604,52.52798772,2016,98,96,100
University of Wisconsin Colleges,public,0.727744238,0.992335853,83.35808841,2016,5,6,1
California State University-Long Beach,public,0.723779422,0.98205146,82.70882373,2016,7,7,2
The College of New Jersey,public,0.824240775,0.977753694,88.56459427,2016,1,1,3
CUNY Bernard M Baruch College,public,0.651821394,0.973949599,78.06726763,2016,10,18,4
University of California-Irvine,public,0.579594021,0.967476146,73.47468712,2016,40,51,5
Colorado School of Mines,public,0.23567755,0.967390937,52.83629048,2016,97,97,6
SUNY College of Environmental Science and Forestry,public,0.421577244,0.966318082,63.94735793,2016,85,90,7
University of Wisconsin-La Crosse,public,0.809270238,0.965682684,87.18352163,2016,2,2,8
Truman State University,public,0.640034893,0.965109449,77.00647157,2016,14,22,9
Miami University-Middletown,public,0.48976249,0.963401249,67.92179935,2016,72,78,10
University of Oregon,public,0.612170627,0.95966691,75.11691401,2016,24,41,11
University of Alabama at Birmingham,public,0.636686914,0.958655465,76.54743346,2016,18,24,12
University of California-Riverside,public,0.505575834,0.958622866,68.67946467,2016,64,73,13
James Madison University,public,0.76809673,0.955606939,84.31008133,2016,3,4,14
Stony Brook University,public,0.618103283,0.955265677,75.29682404,2016,22,37,15
Temple University,public,0.633132003,0.951708685,76.05626759,2016,19,27,16
California Polytechnic State University-San Luis Obispo,public,0.50999503,0.950748215,68.62963038,2016,66,72,17
North Carolina State University at Raleigh,public,0.452733471,0.948346741,65.09787788,2016,81,86,18
Michigan State University,public,0.613007193,0.947972386,74.69932703,2016,29,40,19
Rutgers University-Newark,public,0.582597901,0.946286216,72.80732273,2016,45,48,20
University of Kentucky,public,0.519617395,0.946160829,69.02347686,2016,62,70,21
University of Delaware,public,0.646146455,0.945515107,76.58939161,2016,17,21,22
Appalachian State University,public,0.754486412,0.945314465,83.08176333,2016,6,5,23
University of Illinois at Chicago,public,0.76819465,0.940904707,83.72786727,2016,4,3,24
University of Arkansas,public,0.462756744,0.939615894,65.35004035,2016,80,83,25
University of Vermont,public,0.625619731,0.939280061,75.10838627,2016,25,31,26
College of William and Mary,public,0.605702495,0.938800466,73.89416836,2016,36,42,27
Virginia Military Institute,public,0.331282513,0.938458878,57.41530591,2016,93,93,28
Rutgers University-New Brunswick,public,0.674441647,0.937720708,77.97532711,2016,11,14,29
SUNY at Binghamton,public,0.573209241,0.935002321,71.7926473,2016,49,53,30
Florida International University,public,0.691825958,0.93459508,78.8933607,2016,9,9,31
University of Massachusetts-Amherst,public,0.636094405,0.934486846,75.54513813,2016,20,25,32
University of California-Davis,public,0.557323688,0.934130655,70.80464745,2016,53,57,33
University of Georgia,public,0.593971924,0.933901222,72.99436432,2016,44,46,34
West Virginia University,public,0.594774556,0.932708723,72.99482228,2016,43,45,35
Pennsylvania State University-Penn State Harrisburg,public,0.58017969,0.931826465,72.08383997,2016,48,50,36
Colorado State University-Fort Collins,public,0.623886434,0.931086492,74.67664573,2016,30,32,37
Oregon State University,public,0.484407051,0.930594539,66.28820459,2016,77,79,38
Kansas State University,public,0.614846324,0.930423988,74.10773896,2016,34,39,39
University of Wyoming,public,0.557337758,0.93013572,70.64569429,2016,54,56,40
South Dakota School of Mines and Technology,public,0.268676311,0.928619212,53.26534709,2016,95,95,41
Ohio University-Main Campus,public,0.577287238,0.928012384,71.75772961,2016,51,52,42
University of Nebraska-Lincoln,public,0.443431137,0.927415451,63.70248625,2016,87,87,43
Michigan Technological University,public,0.347228278,0.92740694,57.92997427,2016,92,92,44
North Dakota State University-Main Campus,public,0.638701185,0.925442815,75.33978374,2016,21,23,45
University of California-Los Angeles,public,0.520921515,0.9251976,68.26319492,2016,69,69,46
University of Florida,public,0.426661474,0.923505763,62.53991899,2016,90,89,47
University of Washington-Seattle Campus,public,0.621811697,0.922537026,74.21018284,2016,33,34,48
University of New Hampshire-Main Campus,public,0.63359945,0.921812869,74.88848177,2016,28,26,49
Iowa State University,public,0.493791348,0.921701773,66.49555177,2016,75,77,50
University of Michigan-Ann Arbor,public,0.542314278,0.920970892,69.37769234,2016,58,64,51
Georgia Institute of Technology-Main Campus,public,0.268490074,0.920527065,52.93048705,2016,96,96,52
Missouri University of Science and Technology,public,0.362872146,0.920387298,58.58782067,2016,91,91,53
Clemson University,public,0.435148283,0.918860189,62.86330451,2016,89,88,54
University of Minnesota-Twin Cities,public,0.619220297,0.917303048,73.84533974,2016,37,36,55
University of South Florida-Main Campus,public,0.705993186,0.917143904,79.04534732,2016,8,8,56
New Mexico Institute of Mining and Technology,public,0.219112903,0.916541413,49.80843071,2016,98,98,57
University of Central Florida,public,0.540641831,0.915013692,69.03905751,2016,61,65,58
University of Connecticut,public,0.615613092,0.914214166,73.50535218,2016,39,38,59
University of Utah,public,0.593027519,0.914148432,72.14758844,2016,47,47,60
University of Colorado Boulder,public,0.4947773,0.911758763,66.15698855,2016,78,76,61
University of Alabama in Huntsville,public,0.50376019,0.911146227,66.67146046,2016,74,74,62
Louisiana State University and Agricultural & Mechanical College,public,0.456438909,0.91010738,63.79062974,2016,86,85,63
University of California-Berkeley,public,0.483119995,0.909841231,65.38084892,2016,79,80,64
Texas A & M International University,public,0.62267753,0.909147503,73.72655188,2016,38,33,65
University of Pittsburgh-Pittsburgh Campus,public,0.626062471,0.909013825,73.92430125,2016,35,29,66
University of Kansas,public,0.67638938,0.907945033,76.90116413,2016,15,13,67
Florida State University,public,0.548895867,0.906498197,69.1936799,2016,60,59,68
University of California-Santa Barbara,public,0.522290318,0.905196676,67.54528613,2016,73,68,69
The University of Tennessee-Knoxville,public,0.620180589,0.904090113,73.37443989,2016,41,35,70
Oklahoma State University-Main Campus,public,0.474120367,0.903717526,64.59592304,2016,83,82,71
Auburn University,public,0.551943433,0.902187253,69.20409609,2016,59,58,72
Washington State University,public,0.545809691,0.901798054,68.8205036,2016,63,61,73
University of Maryland-College Park,public,0.540060775,0.901737994,68.47316627,2016,67,66,74
University of Oklahoma-Norman Campus,public,0.56566621,0.901558437,70.00231008,2016,56,54,75
University of Illinois at Urbana-Champaign,public,0.533692157,0.90150033,68.08154262,2016,70,67,76
Indiana University-Purdue University-Indianapolis,public,0.676743764,0.901360327,76.65903891,2016,16,12,77
Ohio State University-Main Campus,public,0.650229355,0.899353336,74.98789476,2016,27,19,78
University of Houston,public,0.459532809,0.897280233,63.46317781,2016,88,84,79
Arizona State University-Tempe,public,0.562151586,0.896576782,69.5921664,2016,57,55,80
The University of Texas at Dallas,public,0.303748588,0.895334769,54.03830602,2016,94,94,81
University of Mississippi,public,0.656166335,0.894258433,75.14031743,2016,23,16,82
University of Virginia-Main Campus,public,0.544427399,0.893481384,68.40489925,2016,68,62,83
The University of Alabama,public,0.655301543,0.893388698,75.05364046,2016,26,17,84
Louisiana Tech University,public,0.548451941,0.893276175,68.63816348,2016,65,60,85
University of California-San Diego,public,0.475707012,0.891564245,64.20499054,2016,84,81,86
University of Cincinnati-Main Campus,public,0.689186438,0.891471816,77.01005888,2016,13,11,87
Indiana University-Bloomington,public,0.599602653,0.891072718,71.6190679,2016,52,44,88
Mississippi State University,public,0.511013536,0.891065091,66.30341578,2016,76,71,89
University of Arizona,public,0.602100011,0.890872787,71.76091214,2016,50,43,90
University of North Carolina at Chapel Hill,public,0.649521849,0.890718977,74.60007003,2016,31,20,91
University of South Carolina-Columbia,public,0.691794443,0.888174424,77.03464355,2016,12,10,92
University at Buffalo,public,0.54348865,0.886557656,68.07162522,2016,71,63,93
University of Missouri-Columbia,public,0.628534524,0.886115113,73.15667599,2016,42,28,94
Texas Tech University,public,0.495094898,0.883060649,65.02811985,2016,82,75,95
University of Iowa,public,0.58075718,0.879748433,70.0353681,2016,55,49,96
George Mason University,public,0.625751735,0.865893784,72.18085545,2016,46,30,97
University of Texas Southwestern Medical Center,public,0.668093556,0.860008024,74.48593428,2016,32,15,98
United States Merchant Marine Academy,public,0.204589372,0.501187686,32.32286975,2016,99,99,99
Bentley University,private,0.649928461,0.98989216,78.59139409,2017,45,50,1
Carleton College,private,0.835013878,0.988070137,89.62363815,2017,3,6,2
Worcester Polytechnic Institute,private,0.348927194,0.987548697,60.43757949,2017,89,93,3
Tufts University,private,0.66297781,0.986403324,79.23480156,2017,38,47,4
Scripps College,private,0.807098828,0.985907592,87.86223337,2017,8,15,5
The College of Wooster,private,0.717536071,0.983688673,82.39971116,2017,29,30,6
Franklin and Marshall College,private,0.753139135,0.983216089,84.51699167,2017,18,24,7
Barnard College,private,0.715837909,0.982457155,82.24856074,2017,30,31,8
St Olaf College,private,0.800145541,0.980702174,87.2368194,2017,14,16,9
Reed College,private,0.661005561,0.9794342,78.83770167,2017,43,48,10
Lawrence University,private,0.53647892,0.976892086,71.26441861,2017,69,71,11
College of the Holy Cross,private,0.785307033,0.976734855,86.18781617,2017,17,17,12
Grinnell College,private,0.807622994,0.974074301,87.42035167,2017,12,14,13
George Washington University,private,0.715504994,0.972909185,81.84666705,2017,31,32,14
Wellesley College,private,0.854263878,0.972462048,90.15431462,2017,2,3,15
Rensselaer Polytechnic Institute,private,0.345032699,0.972332921,59.59527876,2017,93,95,16
Wesleyan University,private,0.597483908,0.970880763,74.68426498,2017,56,63,17
Denison University,private,0.843117436,0.970374888,89.40204168,2017,4,5,18
Middlebury College,private,0.689971805,0.96975517,80.18851506,2017,32,36,19
Rose-Hulman Institute of Technology,private,0.262284894,0.969578573,54.52023655,2017,97,98,20
Whitman College,private,0.664119996,0.969357848,78.62151368,2017,44,46,21
Hamilton College,private,0.674570951,0.968877392,79.22935273,2017,39,42,22
Rhode Island School of Design,private,0.687241865,0.968181986,79.96179136,2017,34,37,23
Skidmore College,private,0.75643509,0.968030207,84.10731372,2017,22,23,24
Macalester College,private,0.759844393,0.96658167,84.25393037,2017,21,21,25
Haverford College,private,0.833946078,0.964735565,88.62618732,2017,6,7,26
Bowdoin College,private,0.810303946,0.964317419,87.19093354,2017,16,13,27
Pitzer College,private,0.614198421,0.964266005,75.42254541,2017,53,60,28
Kenyon College,private,0.819001238,0.963631038,87.68531584,2017,10,11,29
Loyola Marymount University,private,0.682265635,0.963086264,79.45938865,2017,35,39,30
Bucknell University,private,0.748097763,0.962526668,83.38693247,2017,24,26,31
Massachusetts Institute of Technology,private,0.291164622,0.961474328,55.92885044,2017,96,97,32
Brandeis University,private,0.681401931,0.961380563,79.33933842,2017,36,40,33
Bryn Mawr College,private,0.814745697,0.959995523,87.28456278,2017,13,12,34
Colorado College,private,0.696159557,0.959958273,80.16790433,2017,33,34,35
Pomona College,private,0.740616247,0.958983218,82.7963035,2017,27,28,36
Northeastern University,private,0.532255721,0.958018622,70.25608813,2017,71,73,37
Colby College,private,0.819291881,0.957667922,87.46422976,2017,11,10,38
Colgate University,private,0.645624746,0.957478085,77.03660817,2017,50,51,39
Gettysburg College,private,0.750471473,0.95478988,83.21988355,2017,25,25,40
Illinois Wesleyan University,private,0.58873652,0.954476964,73.50326975,2017,60,66,41
Boston University,private,0.652883597,0.953532457,77.31431409,2017,49,49,42
Cornell University,private,0.45777485,0.952167485,65.5531904,2017,77,82,43
Vanderbilt University,private,0.684375807,0.951489948,79.12214636,2017,41,38,44
Lafayette College,private,0.550749208,0.950583431,71.06828967,2017,70,70,45
Mount Holyoke College,private,0.757296857,0.949966936,83.43648881,2017,23,22,46
Yale University,private,0.557041282,0.949955149,71.42068288,2017,68,68,47
Swarthmore College,private,0.887897931,0.947548721,91.1758247,2017,1,1,48
Rice University,private,0.38880575,0.947085047,61.21174689,2017,86,89,49
University of Miami,private,0.473771504,0.946132403,66.27158637,2017,75,79,50
Smith College,private,0.832394223,0.944080346,87.70686725,2017,9,8,51
Amherst College,private,0.777356337,0.944030258,84.40259057,2017,19,18,52
Case Western Reserve University,private,0.579458791,0.943916898,72.52420339,2017,65,67,53
Bates College,private,0.776048673,0.943299306,84.29489262,2017,20,19,54
Washington and Lee University,private,0.590692554,0.941735467,73.11097192,2017,62,64,55
Stanford University,private,0.385287906,0.941605701,60.78150237,2017,88,90,56
Occidental College,private,0.826551498,0.940643828,87.21884297,2017,15,9,57
Johns Hopkins University,private,0.622705656,0.940310074,74.9747423,2017,55,57,58
Williams College,private,0.747163018,0.940123014,82.43470163,2017,28,27,59
Davidson College,private,0.67570791,0.938269675,78.07326163,2017,46,41,60
Harvard University,private,0.42704449,0.936096384,63.0665248,2017,85,85,61
Columbia University in The City Of New York,private,0.644216924,0.934464604,76.03159963,2017,52,52,62
Brown University,private,0.441822171,0.933611502,63.85379034,2017,83,83,63
Georgetown University,private,0.671447143,0.933427013,77.62390908,2017,47,45,64
Wheaton College,private,0.850370204,0.933324618,88.35519693,2017,7,4,65
Vassar College,private,0.858814813,0.933144638,88.85467431,2017,5,2,66
Villanova University,private,0.695670866,0.932415405,79.03686814,2017,42,35,67
Claremont McKenna College,private,0.43881994,0.931989984,63.60879579,2017,84,84,68
Oberlin College,private,0.767876276,0.928269787,83.203368,2017,26,20,69
Harvey Mudd College,private,0.480254121,0.927230374,65.90446221,2017,76,78,70
University of Richmond,private,0.673149171,0.926940562,77.46657275,2017,48,43,71
Wake Forest University,private,0.623259902,0.924170293,74.36240587,2017,58,56,72
University of Dayton,private,0.603822596,0.923464649,73.1679417,2017,61,61,73
University of Notre Dame,private,0.383856186,0.920828751,59.86452119,2017,92,91,74
Santa Clara University,private,0.643180449,0.915861879,75.22530213,2017,54,53,75
Washington University in St Louis,private,0.391302813,0.913641813,60.0238413,2017,91,88,76
Emory University,private,0.672425834,0.912447263,76.84344058,2017,51,44,77
Babson College,private,0.617982456,0.911713051,73.5474694,2017,59,59,78
California Institute of Technology,private,0.241366881,0.911292879,50.93372799,2017,100,100,79
Trinity University,private,0.714342876,0.909808277,79.25290364,2017,37,33,80
University of Tulsa,private,0.465952922,0.907863651,64.27172135,2017,82,81,81
Princeton University,private,0.408038736,0.907676097,60.789368,2017,87,87,82
Lehigh University,private,0.468454841,0.904769289,64.29806199,2017,81,80,83
Yeshiva University,private,0.590150858,0.904634501,71.59443151,2017,67,65,84
Tulane University of Louisiana,private,0.63833757,0.904162436,74.4667516,2017,57,54,85
Stevens Institute of Technology,private,0.346208078,0.90371464,56.92107026,2017,94,94,86
Duke University,private,0.60150793,0.900699208,72.11844413,2017,66,62,87
University of Rochester,private,0.524485738,0.899806242,67.46139396,2017,74,74,88
Boston College,private,0.720876409,0.898616194,79.19723227,2017,40,29,89
New York University,private,0.6195788,0.891079315,72.81790059,2017,64,58,90
Southern Methodist University,private,0.486305347,0.890423752,64.79527087,2017,79,77,91
University of Pennsylvania,private,0.409469663,0.888488442,60.10771744,2017,90,86,92
Pepperdine University,private,0.623598214,0.888314355,72.94846702,2017,63,55,93
Brigham Young University-Provo,private,0.26176779,0.887855565,51.22029001,2017,99,99,94
Northwestern University,private,0.535533729,0.88573656,67.56148614,2017,73,72,95
University of Southern California,private,0.552292565,0.878442181,68.27524116,2017,72,69,96
University of Chicago,private,0.495735105,0.872956678,64.66237343,2017,80,76,97
Dartmouth College,private,0.512794826,0.867250134,65.45769489,2017,78,75,98
Carnegie Mellon University,private,0.372340841,0.856865841,56.61508408,2017,95,92,99
Cooper Union for the Advancement of Science and Art,private,0.325636364,0.827047027,52.62006289,2017,98,96,100
University of Wisconsin Colleges,public,0.726270282,0.991187476,83.22371594,2017,6,7,1
Miami University-Middletown,public,0.566964286,0.987472146,73.51674297,2017,44,60,2
California State University-Long Beach,public,0.765729343,0.979344581,85.1175438,2017,3,5,3
CUNY Bernard M Baruch College,public,0.644746067,0.972767484,77.59546338,2017,17,31,4
SUNY College of Environmental Science and Forestry,public,0.447965296,0.969732368,65.66721249,2017,83,87,5
The College of New Jersey,public,0.857978243,0.967617728,90.18340373,2017,1,1,6
Colorado School of Mines,public,0.250799576,0.966049956,53.6899728,2017,95,97,7
New Mexico Institute of Mining and Technology,public,0.242856003,0.962094026,53.05512118,2017,97,98,8
University of Wisconsin-La Crosse,public,0.84726849,0.959039354,89.19768356,2017,2,2,9
University of Vermont,public,0.667750868,0.957080619,78.34827683,2017,10,23,10
University of Oregon,public,0.637947853,0.956887686,76.55237866,2017,25,34,11
Michigan State University,public,0.614067832,0.95521581,75.05270232,2017,36,41,12
Stony Brook University,public,0.606708963,0.953455214,74.54074636,2017,39,44,13
Temple University,public,0.651880169,0.952664527,77.21939119,2017,21,28,14
University of Delaware,public,0.650495217,0.952180871,77.11694788,2017,22,29,15
University of California-Irvine,public,0.580635877,0.95149532,72.89796539,2017,49,56,16
Virginia Military Institute,public,0.47066076,0.951335928,66.29308274,2017,79,84,17
Appalachian State University,public,0.769360899,0.948114513,84.08623446,2017,4,4,18
California Polytechnic State University-San Luis Obispo,public,0.52577487,0.947864777,69.46108331,2017,66,72,19
University of Washington-Seattle Campus,public,0.637695879,0.947117745,76.14646256,2017,27,35,20
Florida International University,public,0.682868105,0.945333948,78.78544425,2017,9,16,21
North Dakota State University-Main Campus,public,0.674325918,0.943853296,78.21368692,2017,13,20,22
University of Alabama at Birmingham,public,0.629170396,0.9436136,75.49476776,2017,33,38,23
University of California-Davis,public,0.602112213,0.943030632,73.84795805,2017,42,48,24
North Carolina State University at Raleigh,public,0.509035326,0.942354017,68.23628022,2017,73,77,25
University of California-Riverside,public,0.527222612,0.940809167,69.26572338,2017,70,71,26
Rutgers University-New Brunswick,public,0.716021377,0.940455615,80.57950718,2017,8,8,27
Ohio University-Main Campus,public,0.5883284,0.938962083,72.85818732,2017,50,53,28
Rutgers University-Newark,public,0.468848107,0.938507147,65.67117232,2017,82,85,29
University of Michigan-Ann Arbor,public,0.563672588,0.938222649,71.34926124,2017,56,62,30
SUNY at Binghamton,public,0.594493322,0.937069358,73.15237367,2017,48,52,31
University of Massachusetts-Amherst,public,0.639688143,0.935509134,75.80165393,2017,31,33,32
James Madison University,public,0.770980245,0.935024687,83.65980214,2017,5,3,33
Georgia Institute of Technology-Main Campus,public,0.284839716,0.934346982,54.4642622,2017,94,95,34
Oregon State University,public,0.502767942,0.933980456,67.52529472,2017,77,80,35
Colorado State University-Fort Collins,public,0.614216275,0.933190095,74.18058028,2017,40,40,36
United States Merchant Marine Academy,public,0.205938494,0.932114483,49.64088896,2017,99,99,37
University of Nebraska-Lincoln,public,0.431799559,0.930686255,63.13542373,2017,91,91,38
Iowa State University,public,0.50794066,0.92941674,67.65310915,2017,74,79,39
Michigan Technological University,public,0.360239936,0.928881782,58.76966744,2017,93,93,40
Pennsylvania State University-Penn State Harrisburg,public,0.631787659,0.928869215,75.06202813,2017,35,37,41
University of Florida,public,0.443278831,0.927465975,63.69536887,2017,88,90,42
Clemson University,public,0.443475022,0.92641449,63.66508092,2017,89,89,43
University of New Hampshire-Main Campus,public,0.674655082,0.924519549,77.46008687,2017,18,19,44
University of Illinois at Chicago,public,0.754381109,0.924346769,82.23673732,2017,7,6,45
University of Pittsburgh-Pittsburgh Campus,public,0.634302924,0.924142745,75.02388526,2017,38,36,46
University of Wyoming,public,0.603549401,0.923495457,73.15278234,2017,47,47,47
University of Central Florida,public,0.561907213,0.923478396,70.65356859,2017,58,63,48
University of Georgia,public,0.586955638,0.922896981,72.13321752,2017,54,54,49
Kansas State University,public,0.65263768,0.921294993,76.01006049,2017,28,27,50
University of Arkansas,public,0.460228978,0.920746367,64.44359337,2017,87,86,51
Truman State University,public,0.607690018,0.920662408,73.28789741,2017,46,43,52
West Virginia University,public,0.616202366,0.920503009,73.79226228,2017,43,39,53
University of Colorado Boulder,public,0.513788944,0.918910064,67.58373918,2017,75,74,54
University of Connecticut,public,0.650386771,0.918747352,75.77310033,2017,32,30,55
University of California-Los Angeles,public,0.513194936,0.918686258,67.53914646,2017,76,75,56
South Dakota School of Mines and Technology,public,0.268948224,0.918171548,52.86375531,2017,98,96,57
Louisiana State University and Agricultural & Mechanical College,public,0.447177892,0.917333507,63.52401377,2017,90,88,58
University of California-Berkeley,public,0.489529759,0.917246565,66.06164813,2017,81,81,59
University of Kentucky,public,0.54639991,0.914996174,69.38384158,2017,67,69,60
University of Kansas,public,0.693691468,0.914597682,78.20539534,2017,14,13,61
University of California-Santa Barbara,public,0.545253486,0.914310779,69.28764032,2017,69,70,62
Arizona State University-Tempe,public,0.569201425,0.913741531,70.70174675,2017,57,59,63
University of Utah,public,0.662956012,0.912956885,76.29563611,2017,26,24,64
University of Arizona,public,0.613603521,0.912783417,73.32754796,2017,45,42,65
Texas A & M International University,public,0.673284519,0.912719027,76.90583219,2017,23,21,66
The University of Tennessee-Knoxville,public,0.605830413,0.912439961,72.84742322,2017,51,45,67
Ohio State University-Main Campus,public,0.686788272,0.912338076,77.70081935,2017,16,15,68
University of Alabama in Huntsville,public,0.596396948,0.91211898,72.26857607,2017,53,51,69
University of Minnesota-Twin Cities,public,0.642363452,0.912068506,75.02454733,2017,37,32,70
College of William and Mary,public,0.605189178,0.911749795,72.78134247,2017,52,46,71
Washington State University,public,0.552205832,0.911422776,69.589261,2017,64,68,72
Oklahoma State University-Main Campus,public,0.484241301,0.908037874,65.375993,2017,85,83,73
University of South Florida-Main Campus,public,0.677207419,0.903827377,76.78554021,2017,24,17,74
University of South Carolina-Columbia,public,0.702834238,0.902591458,78.27371261,2017,12,11,75
Missouri University of Science and Technology,public,0.388346027,0.900473422,59.31969851,2017,92,92,76
University of Illinois at Urbana-Champaign,public,0.558302896,0.900338558,69.5117161,2017,65,66,77
Florida State University,public,0.561768266,0.900002889,69.70621151,2017,63,64,78
University of Mississippi,public,0.667759936,0.898330659,75.99882253,2017,30,22,79
Auburn University,public,0.570566785,0.897413964,70.13056566,2017,61,58,80
University of North Carolina at Chapel Hill,public,0.691015751,0.897325357,77.35395931,2017,19,14,81
Texas Tech University,public,0.510400973,0.896612688,66.48856591,2017,78,76,82
University of Maryland-College Park,public,0.55900981,0.895783509,69.37192897,2017,68,65,83
University of Houston,public,0.489278194,0.895130444,65.16190942,2017,86,82,84
The University of Texas at Dallas,public,0.294208924,0.894453902,53.4306915,2017,96,94,85
The University of Alabama,public,0.709771236,0.892935737,78.30370362,2017,11,9,86
University of Oklahoma-Norman Campus,public,0.574227671,0.892068205,70.13638845,2017,60,57,87
Indiana University-Bloomington,public,0.597545796,0.891902923,71.52886466,2017,55,50,88
Indiana University-Purdue University-Indianapolis,public,0.694269806,0.891259354,77.30656252,2017,20,12,89
University of Missouri-Columbia,public,0.659359921,0.890084674,75.16498224,2017,34,26,90
University of Texas Southwestern Medical Center,public,0.709512599,0.889297155,78.1426421,2017,15,10,91
University of Cincinnati-Main Campus,public,0.675137747,0.887430545,76.00548659,2017,29,18,92
University of Virginia-Main Campus,public,0.552805271,0.887105142,68.65252193,2017,72,67,93
University at Buffalo,public,0.566271795,0.882010509,69.25672804,2017,71,61,94
University of Iowa,public,0.580874131,0.880244599,70.06223183,2017,62,55,95
Mississippi State University,public,0.520873522,0.875218414,66.26114787,2017,80,73,96
University of California-San Diego,public,0.509002108,0.875203471,65.54826532,2017,84,78,97
Louisiana Tech University,public,0.599049589,0.859494964,70.3227739,2017,59,49,98
George Mason University,public,0.662307404,0.856941648,74.01611011,2017,41,25,99
University of Wisconsin Colleges,public,0.702035985,0.986117669,81.56686583,2018,7,15,1
California State University-Long Beach,public,0.769841805,0.983699823,85.53850119,2018,4,6,2
New Mexico Institute of Mining and Technology,public,0.270018387,0.981489027,55.46066429,2018,95,98,3
SUNY College of Environmental Science and Forestry,public,0.435888006,0.975757927,65.18359746,2018,88,91,4
The College of New Jersey,public,0.875424821,0.970454663,91.3436758,2018,1,1,5
University of Oregon,public,0.645045341,0.967113482,77.38725969,2018,24,38,6
CUNY Bernard M Baruch College,public,0.643830399,0.956149567,76.87580659,2018,28,40,7
University of Vermont,public,0.674659275,0.953692226,78.62724554,2018,14,25,8
Stony Brook University,public,0.656821133,0.953322058,77.54215028,2018,23,33,9
Appalachian State University,public,0.784699653,0.952750467,85.19199789,2018,5,5,10
Virginia Military Institute,public,0.505326169,0.951568389,68.3823057,2018,76,83,11
Florida International University,public,0.678004075,0.950349602,78.69422856,2018,13,22,12
University of California-Irvine,public,0.593564534,0.950099521,73.61785285,2018,48,54,13
University of California-Davis,public,0.611093933,0.94776229,74.57612755,2018,43,46,14
California Polytechnic State University-San Luis Obispo,public,0.551130662,0.946761508,70.93830007,2018,59,69,15
University of Wisconsin-La Crosse,public,0.810146391,0.945267104,86.41946757,2018,3,3,16
University of Delaware,public,0.671422638,0.944574685,78.0683457,2018,19,26,17
Colorado School of Mines,public,0.276802769,0.944498947,54.38812401,2018,96,96,18
Rutgers University-Newark,public,0.500074351,0.944209618,67.77284578,2018,77,85,19
Ohio University-Main Campus,public,0.609550581,0.943930223,74.33024378,2018,44,47,20
Rutgers University-New Brunswick,public,0.709214755,0.943408435,80.2892227,2018,8,13,21
University of Michigan-Ann Arbor,public,0.587694686,0.942545144,72.96348695,2018,50,57,22
Georgia Institute of Technology-Main Campus,public,0.325962179,0.942259704,57.24811888,2018,94,94,23
North Dakota State University-Main Campus,public,0.603777804,0.942258815,73.91702083,2018,47,49,24
University of California-Riverside,public,0.517402019,0.941404679,68.70030831,2018,74,79,25
North Carolina State University at Raleigh,public,0.529281175,0.94033927,69.37044133,2018,71,74,26
Oregon State University,public,0.537650979,0.939816196,69.85170657,2018,68,72,27
Clemson University,public,0.473458209,0.939742094,65.99717626,2018,86,87,28
James Madison University,public,0.821830201,0.939347767,86.88372272,2018,2,2,29
University of Massachusetts-Amherst,public,0.640350903,0.939072833,75.98396749,2018,38,41,30
Temple University,public,0.675768737,0.938275074,78.07712721,2018,18,24,31
SUNY at Binghamton,public,0.651336268,0.935836694,76.51364382,2018,32,36,32
College of William and Mary,public,0.624552556,0.934189523,74.8407343,2018,40,45,33
Michigan State University,public,0.646345813,0.933189689,76.10833632,2018,36,37,34
University of Kentucky,public,0.57154447,0.932421715,71.58953682,2018,56,61,35
Iowa State University,public,0.525998255,0.932185594,68.84731904,2018,73,76,36
University of Florida,public,0.454882322,0.928416905,64.42961551,2018,89,90,37
Texas A & M International University,public,0.575393827,0.928327463,71.65672813,2018,55,60,38
University of California-Berkeley,public,0.501540291,0.925647666,67.1183241,2018,80,84,39
University of Central Florida,public,0.607667156,0.925415551,73.4766514,2018,49,48,40
University of Alabama at Birmingham,public,0.656585985,0.925091708,76.39882741,2018,33,34,41
Pennsylvania State University-Penn State Harrisburg,public,0.705023802,0.924950249,79.29943807,2018,11,14,42
University of Utah,public,0.557649819,0.924688079,70.44651226,2018,62,68,43
University of Connecticut,public,0.659228275,0.924483179,76.53302365,2018,31,31,44
University of Washington-Seattle Campus,public,0.667330235,0.924216463,77.00847259,2018,26,28,45
University of New Hampshire-Main Campus,public,0.689684977,0.924154486,78.34727804,2018,17,18,46
University of Illinois at Chicago,public,0.786604267,0.92398602,84.15569679,2018,6,4,47
Michigan Technological University,public,0.38156863,0.923475724,59.83314675,2018,92,92,48
University of Wyoming,public,0.568982429,0.923187923,71.06646262,2018,58,63,49
University of Georgia,public,0.59903625,0.923142414,72.86787156,2018,51,53,50
United States Merchant Marine Academy,public,0.222073816,0.922427397,50.22152481,2018,99,99,51
University of Colorado Boulder,public,0.525348661,0.921571803,68.38379175,2018,75,77,52
Louisiana State University and Agricultural & Mechanical College,public,0.49480436,0.921322749,66.54117153,2018,83,86,53
Truman State University,public,0.681931281,0.92029677,77.7277477,2018,21,21,54
University of Pittsburgh-Pittsburgh Campus,public,0.654883112,0.919648475,76.07892574,2018,37,35,55
University of Kansas,public,0.682646817,0.919553658,77.74095533,2018,20,20,56
West Virginia University,public,0.630676653,0.918796568,74.59246193,2018,42,43,57
University of California-Los Angeles,public,0.546243389,0.918304231,69.50677254,2018,70,71,58
University of Nebraska-Lincoln,public,0.456517337,0.91519892,63.99899699,2018,90,89,59
Auburn University,public,0.58947361,0.914173929,71.93537375,2018,52,56,60
University of California-Santa Barbara,public,0.558058592,0.912710919,69.99195227,2018,67,67,61
University of Arizona,public,0.627058527,0.911146827,74.06938468,2018,46,44,62
Washington State University,public,0.562975857,0.910888949,70.21410935,2018,65,66,63
Ohio State University-Main Campus,public,0.700275422,0.910767894,78.44724105,2018,16,16,64
University of Illinois at Urbana-Champaign,public,0.568082688,0.910347938,70.49887878,2018,61,64,65
University of Minnesota-Twin Cities,public,0.664177172,0.910050655,76.25265652,2018,34,29,66
The University of Texas at Dallas,public,0.272726938,0.908918175,52.72034331,2018,97,97,67
University of Alabama in Huntsville,public,0.565602175,0.908817505,70.28883072,2018,64,65,68
Colorado State University-Fort Collins,public,0.670449391,0.908264615,76.55754804,2018,30,27,69
Kansas State University,public,0.639194837,0.906764341,74.62226384,2018,41,42,70
University of North Carolina at Chapel Hill,public,0.71758244,0.90589954,79.29092801,2018,12,11,71
Arizona State University-Tempe,public,0.59200952,0.905196808,71.72844353,2018,53,55,72
University of South Florida-Main Campus,public,0.676736174,0.904440453,76.78178857,2018,29,23,73
University of Arkansas,public,0.460519813,0.903824947,63.78418668,2018,91,88,74
The University of Tennessee-Knoxville,public,0.659038195,0.902821538,75.65515324,2018,39,32,75
University of Maryland-College Park,public,0.549717342,0.902025595,69.06406431,2018,72,70,76
University of California-San Diego,public,0.527720218,0.901245441,67.71303074,2018,78,75,77
Indiana University-Purdue University-Indianapolis,public,0.732819091,0.898694693,79.91693314,2018,9,8,78
Texas Tech University,public,0.525289785,0.896449787,67.37537855,2018,79,78,79
University of Houston,public,0.510317013,0.895908892,66.45537645,2018,84,81,80
Oklahoma State University-Main Campus,public,0.505635389,0.894463217,66.11665202,2018,85,82,81
Missouri University of Science and Technology,public,0.368926799,0.894028033,57.89672923,2018,93,93,82
University of Iowa,public,0.600653477,0.890987868,71.67872332,2018,54,51,83
Florida State University,public,0.585327403,0.889715854,70.70827834,2018,60,59,84
University at Buffalo,public,0.571390608,0.887864945,69.79803427,2018,69,62,85
University of Mississippi,public,0.692818751,0.885266605,76.97978929,2018,27,17,86
University of Virginia-Main Campus,public,0.585678879,0.882628851,70.44588677,2018,63,58,87
University of Cincinnati-Main Campus,public,0.721248571,0.882555841,78.57714791,2018,15,9,88
Indiana University-Bloomington,public,0.599496796,0.880732045,71.19908958,2018,57,52,89
University of South Carolina-Columbia,public,0.683897128,0.879030178,76.19503478,2018,35,19,90
University of Texas Southwestern Medical Center,public,0.709583138,0.876290263,77.62659882,2018,22,12,91
University of Oklahoma-Norman Campus,public,0.535196048,0.87281797,67.02448168,2018,82,73,92
University of Missouri-Columbia,public,0.659420269,0.867708815,74.27356871,2018,45,30,93
The University of Alabama,public,0.752476258,0.865244389,79.75835104,2018,10,7,94
Mississippi State University,public,0.513712434,0.860963723,65.26129497,2018,87,80,95
South Dakota School of Mines and Technology,public,0.293948326,0.859002732,51.99700883,2018,98,95,96
George Mason University,public,0.721145843,0.85184189,77.34242616,2018,25,10,97
Louisiana Tech University,public,0.600952646,0.850592274,70.08084969,2018,66,50,98
Miami University-Middletown,public,0.644230769,0.710676102,67.08089024,2018,81,39,99
Carleton College,private,0.81296021,0.993290877,88.50924768,2018,9,10,1
Franklin and Marshall College,private,0.81490755,0.99315963,88.62083822,2018,8,9,2
The College of Wooster,private,0.698102378,0.992598393,81.59007842,2018,31,40,3
Bentley University,private,0.72819492,0.989884613,83.28707974,2018,28,30,4
St Olaf College,private,0.786655329,0.98757204,86.70220133,2018,11,14,5
Barnard College,private,0.731555754,0.985687184,83.32083257,2018,27,29,6
Kenyon College,private,0.835592293,0.984346595,89.50940137,2018,4,5,7
Massachusetts Institute of Technology,private,0.278612317,0.982742018,56.02641972,2018,98,98,8
Bucknell University,private,0.739722494,0.981990012,83.66295008,2018,24,28,9
Grinnell College,private,0.782985903,0.978809034,86.13151555,2018,12,16,10
Brandeis University,private,0.663525539,0.977737621,78.92103716,2018,39,48,11
Whitman College,private,0.748465662,0.977541436,84.00959718,2018,21,24,12
Tufts University,private,0.667045357,0.976398519,79.07866218,2018,38,44,13
Wesleyan University,private,0.642870641,0.976226755,77.62130868,2018,45,53,14
Gettysburg College,private,0.748145204,0.975638121,83.9142371,2018,22,25,15
Scripps College,private,0.764661654,0.974276274,84.85075022,2018,19,21,16
Wellesley College,private,0.830059325,0.972811532,88.71602076,2018,7,7,17
Rose-Hulman Institute of Technology,private,0.32023872,0.971855242,58.08853291,2018,95,97,18
College of the Holy Cross,private,0.723658178,0.971296565,82.27135327,2018,29,31,19
Colgate University,private,0.655484169,0.971021075,78.16989315,2018,42,49,20
Bryn Mawr College,private,0.832896417,0.970461316,88.79223766,2018,6,6,21
Denison University,private,0.782876449,0.970407436,85.78888436,2018,15,17,22
Colby College,private,0.785116638,0.97036667,85.92166507,2018,14,15,23
Bowdoin College,private,0.751814572,0.970101401,83.91293037,2018,23,23,24
Macalester College,private,0.863222695,0.969701208,90.58140998,2018,2,2,25
Swarthmore College,private,0.84049212,0.96767308,89.13645041,2018,5,4,26
Skidmore College,private,0.78175353,0.966982018,85.58449249,2018,16,18,27
Vanderbilt University,private,0.567485254,0.965445577,72.66693831,2018,66,71,28
Rensselaer Polytechnic Institute,private,0.34262775,0.964780695,59.14889282,2018,93,96,29
Lawrence University,private,0.629079168,0.964009382,76.30512535,2018,51,59,30
Middlebury College,private,0.710303892,0.96392906,81.1753959,2018,33,35,31
Boston University,private,0.650683488,0.963763434,77.59154666,2018,46,50,32
Hamilton College,private,0.569805536,0.963305441,72.72054981,2018,64,69,33
Colorado College,private,0.606032275,0.962856581,74.87619973,2018,57,65,34
Haverford College,private,0.633659593,0.962580957,76.52281389,2018,50,56,35
Wheaton College,private,0.557352663,0.961139641,71.88674541,2018,68,73,36
Reed College,private,0.671708684,0.959822413,78.69541754,2018,40,42,37
Occidental College,private,0.862696216,0.957959779,90.08016409,2018,3,3,38
Mount Holyoke College,private,0.822473224,0.957497572,87.64829629,2018,10,8,39
Northeastern University,private,0.520335959,0.956759345,69.49053137,2018,73,76,40
Bates College,private,0.788705981,0.955088219,85.52588762,2018,17,12,41
Pomona College,private,0.755478189,0.953396335,83.46454475,2018,25,22,42
Yale University,private,0.558776168,0.953240372,71.65618491,2018,70,72,43
Rice University,private,0.396622406,0.953179574,61.92452734,2018,88,90,44
George Washington University,private,0.71164464,0.951799368,80.77065309,2018,35,34,45
Illinois Wesleyan University,private,0.666405024,0.949890911,77.97993783,2018,43,45,46
Cornell University,private,0.480474162,0.949341743,66.80211947,2018,77,81,47
Smith College,private,0.803702325,0.94728639,86.1135951,2018,13,11,48
Davidson College,private,0.718018753,0.946573824,80.94407814,2018,34,33,49
Stanford University,private,0.395245594,0.944727779,61.50384675,2018,89,91,50
Cooper Union for the Advancement of Science and Art,private,0.367799935,0.944000782,59.82802737,2018,92,93,51
Amherst College,private,0.787283932,0.942914227,84.95360496,2018,18,13,52
Lafayette College,private,0.569453464,0.940953395,71.80534363,2018,69,70,53
Rhode Island School of Design,private,0.777568196,0.939599752,84.23808184,2018,20,19,54
Vassar College,private,0.905893753,0.938316848,91.88629909,2018,1,1,55
University of Miami,private,0.507370654,0.936907106,67.91852346,2018,75,78,56
Brown University,private,0.456352845,0.936598481,64.84510993,2018,82,84,57
Oberlin College,private,0.767684298,0.934872636,83.45596331,2018,26,20,58
Columbia University in The City Of New York,private,0.640343296,0.931301377,75.6726528,2018,53,55,59
Harvey Mudd College,private,0.512391415,0.930162545,67.94998673,2018,74,77,60
Wake Forest University,private,0.630980709,0.929361255,75.0332927,2018,56,57,61
Case Western Reserve University,private,0.59225749,0.929020952,72.69628748,2018,65,67,62
California Institute of Technology,private,0.254321838,0.927574086,52.36227368,2018,99,100,63
Williams College,private,0.747203384,0.927258558,81.92254538,2018,30,27,64
Georgetown University,private,0.663647621,0.925722072,76.84774011,2018,48,47,65
Yeshiva University,private,0.61498365,0.925302117,73.91110365,2018,60,63,66
Johns Hopkins University,private,0.679810048,0.925018053,77.789325,2018,44,41,67
Washington University in St Louis,private,0.397658335,0.92482913,60.85266532,2018,91,89,68
University of Dayton,private,0.644144358,0.924524557,75.62964375,2018,54,52,69
Boston College,private,0.709396857,0.923120188,79.48861896,2018,36,37,70
Santa Clara University,private,0.645518211,0.91966838,75.51782787,2018,55,51,71
Emory University,private,0.70815655,0.918206423,79.21764992,2018,37,38,72
Villanova University,private,0.665536114,0.917070738,76.61499637,2018,49,46,73
Harvard University,private,0.424577819,0.915890856,62.11030338,2018,86,87,74
Trinity University,private,0.747412459,0.914597624,81.42865249,2018,32,26,75
Claremont McKenna College,private,0.61646653,0.914450502,73.56601183,2018,62,62,76
University of Tulsa,private,0.47701176,0.91351175,65.1611756,2018,80,82,77
University of Notre Dame,private,0.365405761,0.911194721,58.37213449,2018,94,94,78
Princeton University,private,0.4439522,0.910769955,63.06793022,2018,85,85,79
Washington and Lee University,private,0.611348043,0.907866547,72.99554444,2018,63,64,80
Duke University,private,0.628562724,0.907350723,74.00779234,2018,59,60,81
Worcester Polytechnic Institute,private,0.427820348,0.907019846,61.95001474,2018,87,86,82
Stevens Institute of Technology,private,0.364481979,0.903039713,57.99050728,2018,96,95,83
University of Richmond,private,0.709585437,0.902041849,78.65680018,2018,41,36,84
Northwestern University,private,0.579899686,0.900684845,70.82137495,2018,72,68,85
University of Pennsylvania,private,0.423503266,0.89972582,61.39922875,2018,90,88,86
Loyola Marymount University,private,0.668114691,0.898516152,76.02752753,2018,52,43,87
Lehigh University,private,0.503350305,0.896004186,66.04118573,2018,79,79,88
Brigham Young University-Provo,private,0.25941756,0.895848392,51.39898926,2018,100,99,89
Tulane University of Louisiana,private,0.630073613,0.895562232,73.62690607,2018,61,58,90
New York University,private,0.642580739,0.893979153,74.31401045,2018,58,54,91
Southern Methodist University,private,0.468980946,0.884564075,63.52141978,2018,84,83,92
University of Rochester,private,0.537370797,0.880811141,67.47469347,2018,76,74,93
Pepperdine University,private,0.698481092,0.878495427,77.04868261,2018,47,39,94
University of Southern California,private,0.598234453,0.875683589,70.92141074,2018,71,66,95
Babson College,private,0.624388141,0.872375611,72.35831291,2018,67,61,96
University of Chicago,private,0.527668854,0.865991747,66.2998011,2018,78,75,97
Carnegie Mellon University,private,0.37323557,0.861122365,56.83902875,2018,97,92,98
Dartmouth College,private,0.490879356,0.859245494,63.82258108,2018,83,80,99
Pitzer College,private,0.722361698,0.540820849,64.97453588,2018,81,32,100
